{
  "parent": "item/generated",
  "textures": { "layer0": "minecraft:item/photo" },
  "display": {
    "ground":   { "rotation": [0, 0, 0], "translation": [0, 2, 0], "scale": [1, 1, 1] },
    "thirdperson_righthand": { "rotation":[0,90,0], "translation":[0,1.25,-1.5], "scale":[0.85,0.85,0.85] },
    "firstperson_righthand": { "rotation":[0,90,0], "translation":[1,4,0], "scale":[0.9,0.9,0.9] },
    "gui":      { "rotation":[0,0,0], "translation":[0,0,0], "scale":[1,1,1] },
    "fixed":    { "rotation":[0,0,0], "translation":[0,0,0], "scale":[1.0,1.0,1.0] }
  }
}