{
	"format_version": "1.21.1",
	"credit": "Made with Blockbench",
	"textures": {
		"0": "modetutorial:block/texture",
		"1": "modetutorial:block/screen",
		"2": "modetutorial:block/right",
		"3": "modetutorial:block/left",
		"4": "modetutorial:block/roof",
		"5": "modetutorial:block/back",
		"6": "modetutorial:block/hardware",
		"particle": "modetutorial:block/texture"
	},
	"elements": [
		{
			"from": [0, 0, 0],
			"to": [16, 1, 16],
			"rotation": {"angle": 0, "axis": "y", "origin": [7, 0, 4]},
			"faces": {
				"north": {"uv": [6, 0, 12, 0.5], "texture": "#0"},
				"east": {"uv": [6, 1, 11, 1.5], "texture": "#0"},
				"south": {"uv": [6, 0.5, 12, 1], "texture": "#0"},
				"west": {"uv": [6, 1.5, 11, 2], "texture": "#0"},
				"up": {"uv": [6, 5, 0, 0], "texture": "#0"},
				"down": {"uv": [6, 5, 0, 10], "texture": "#0"}
			}
		},
		{
			"from": [0, 1, 0],
			"to": [1, 15, 15],
			"rotation": {"angle": 0, "axis": "y", "origin": [0, 0, 1]},
			"faces": {
				"north": {"uv": [5, 0, 6, 5], "texture": "#2"},
				"east": {"uv": [0, 0, 5, 5], "texture": "#2"},
				"south": {"uv": [5, 5, 6, 10], "texture": "#2"},
				"west": {"uv": [0, 5, 5, 10], "texture": "#2"},
				"up": {"uv": [7, 5, 6, 0], "texture": "#2"},
				"down": {"uv": [7, 5, 6, 10], "texture": "#2"}
			}
		},
		{
			"from": [15, 1, 0],
			"to": [16, 15, 15],
			"rotation": {"angle": 0, "axis": "y", "origin": [14, 2, 1]},
			"faces": {
				"north": {"uv": [5, 0, 6, 5], "texture": "#3"},
				"east": {"uv": [0, 0, 5, 5], "texture": "#3"},
				"south": {"uv": [5, 5, 6, 10], "texture": "#3"},
				"west": {"uv": [0, 5, 5, 10], "texture": "#3"},
				"up": {"uv": [7, 5, 6, 0], "texture": "#3"},
				"down": {"uv": [7, 5, 6, 10], "texture": "#3"}
			}
		},
		{
			"from": [1, 1, 0],
			"to": [15, 15, 1],
			"light_emission": 10,
			"rotation": {"angle": 0, "axis": "y", "origin": [11, 1, 0]},
			"faces": {
				"north": {"uv": [0, 0, 5, 4.5], "texture": "#1"},
				"east": {"uv": [5, 1, 5.5, 5.5], "texture": "#1"},
				"south": {"uv": [0, 4.5, 5, 9], "texture": "#1"},
				"west": {"uv": [5.5, 1, 6, 5.5], "texture": "#1"},
				"up": {"uv": [10, 0.5, 5, 0], "texture": "#1"},
				"down": {"uv": [10, 0.5, 5, 1], "texture": "#1"}
			}
		},
		{
			"from": [0, 15, 0],
			"to": [16, 16, 16],
			"rotation": {"angle": 0, "axis": "y", "origin": [2, 10, 4]},
			"faces": {
				"north": {"uv": [7, 0, 14, 0.5], "texture": "#4"},
				"east": {"uv": [7, 1, 12, 1.5], "texture": "#4"},
				"south": {"uv": [7, 0.5, 14, 1], "texture": "#4"},
				"west": {"uv": [7, 1.5, 12, 2], "texture": "#4"},
				"up": {"uv": [7, 5, 0, 0], "texture": "#4"},
				"down": {"uv": [7, 5, 0, 10], "texture": "#4"}
			}
		},
		{
			"from": [0, 1, 15],
			"to": [16, 15, 16],
			"rotation": {"angle": 0, "axis": "y", "origin": [1, 1, 15]},
			"faces": {
				"north": {"uv": [0, 0, 7, 5.5], "texture": "#5"},
				"east": {"uv": [7, 1, 7.5, 6.5], "texture": "#5"},
				"south": {"uv": [0, 5.5, 7, 11], "texture": "#5"},
				"west": {"uv": [7, 6.5, 7.5, 12], "texture": "#5"},
				"up": {"uv": [14, 0.5, 7, 0], "texture": "#5"},
				"down": {"uv": [14, 0.5, 7, 1], "texture": "#5"}
			}
		},
		{
			"from": [4, 0, 16],
			"to": [12, 9, 17],
			"rotation": {"angle": 0, "axis": "y", "origin": [4, 0, 16]},
			"faces": {
				"north": {"uv": [0, 0, 8, 7], "texture": "#6"},
				"east": {"uv": [8, 2, 9, 9], "texture": "#6"},
				"south": {"uv": [0, 7, 8, 14], "texture": "#6"},
				"west": {"uv": [9, 2, 10, 9], "texture": "#6"},
				"up": {"uv": [16, 1, 8, 0], "texture": "#6"},
				"down": {"uv": [16, 1, 8, 2], "texture": "#6"}
			}
		}
	],
	"display": {
		"thirdperson_righthand": {
			"rotation": [60, 0, 0],
			"scale": [0.5, 0.5, 0.5]
		}
	}
}