{
	"format_version": "1.21.6",
	"credit": "Made with Blockbench",
	"texture_size": [64, 64],
	"textures": {
		"0": "ghostcraft:armor/texture",
		"particle": "ghostcraft:armor/texture"
	},
	"elements": [
		{
			"from": [3, 12, 6],
			"to": [11, 18, 10],
			"rotation": {"angle": 0, "axis": "z", "origin": [7, 0, 4]},
			"faces": {
				"north": {"uv": [0, 0, 4, 3], "texture": "#0"},
				"east": {"uv": [4, 4, 6, 7], "texture": "#0"},
				"south": {"uv": [0, 3, 4, 6], "texture": "#0"},
				"west": {"uv": [0, 6, 2, 9], "texture": "#0"},
				"up": {"uv": [8, 2, 4, 0], "texture": "#0"},
				"down": {"uv": [8, 2, 4, 4], "texture": "#0"}
			}
		},
		{
			"from": [5, 10, 6],
			"to": [9, 12, 10],
			"rotation": {"angle": 0, "axis": "y", "origin": [7, 10, 6]},
			"faces": {
				"north": {"uv": [9, 6, 11, 7], "texture": "#0"},
				"east": {"uv": [9, 7, 11, 8], "texture": "#0"},
				"south": {"uv": [9, 8, 11, 9], "texture": "#0"},
				"west": {"uv": [9, 9, 11, 10], "texture": "#0"},
				"up": {"uv": [4, 8, 2, 6], "texture": "#0"},
				"down": {"uv": [6, 7, 4, 9], "texture": "#0"}
			}
		},
		{
			"from": [4, 11, 6],
			"to": [10, 12, 10],
			"rotation": {"angle": 0, "axis": "y", "origin": [7, 10, 6]},
			"faces": {
				"north": {"uv": [5, 10, 8, 10.5], "texture": "#0"},
				"east": {"uv": [6.5, 10.5, 8.5, 11], "texture": "#0"},
				"south": {"uv": [8, 10, 11, 10.5], "texture": "#0"},
				"west": {"uv": [8.5, 10.5, 10.5, 11], "texture": "#0"},
				"up": {"uv": [9, 6, 6, 4], "texture": "#0"},
				"down": {"uv": [9, 6, 6, 8], "texture": "#0"}
			}
		},
		{
			"from": [3, 18, 6],
			"to": [6, 19, 10],
			"rotation": {"angle": 0, "axis": "y", "origin": [4, 17, 6]},
			"faces": {
				"north": {"uv": [10, 11, 11.5, 11.5], "texture": "#0"},
				"east": {"uv": [10.5, 10.5, 12.5, 11], "texture": "#0"},
				"south": {"uv": [11, 10, 12.5, 10.5], "texture": "#0"},
				"west": {"uv": [0, 11, 2, 11.5], "texture": "#0"},
				"up": {"uv": [9.5, 2, 8, 0], "texture": "#0"},
				"down": {"uv": [3.5, 8, 2, 10], "texture": "#0"}
			}
		},
		{
			"from": [8, 18, 6],
			"to": [11, 19, 10],
			"rotation": {"angle": 0, "axis": "y", "origin": [8, 17, 6]},
			"faces": {
				"north": {"uv": [0, 11.5, 1.5, 12], "texture": "#0"},
				"east": {"uv": [2, 11, 4, 11.5], "texture": "#0"},
				"south": {"uv": [11.5, 0, 13, 0.5], "texture": "#0"},
				"west": {"uv": [11, 6, 13, 6.5], "texture": "#0"},
				"up": {"uv": [9.5, 4, 8, 2], "texture": "#0"},
				"down": {"uv": [7.5, 8, 6, 10], "texture": "#0"}
			}
		},
		{
			"from": [0, 18, 6],
			"to": [3, 20, 10],
			"rotation": {"angle": 0, "axis": "y", "origin": [0, 18, 6]},
			"faces": {
				"north": {"uv": [1.5, 10, 3, 11], "texture": "#0"},
				"east": {"uv": [9.5, 0, 11.5, 1], "texture": "#0"},
				"south": {"uv": [10.5, 4, 12, 5], "texture": "#0"},
				"west": {"uv": [9.5, 1, 11.5, 2], "texture": "#0"},
				"up": {"uv": [9, 10, 7.5, 8], "texture": "#0"},
				"down": {"uv": [1.5, 9, 0, 11], "texture": "#0"}
			}
		},
		{
			"from": [0, 17, 6],
			"to": [1, 18, 10],
			"rotation": {"angle": 0, "axis": "y", "origin": [0, 18, 6]},
			"faces": {
				"north": {"uv": [3, 10, 3.5, 10.5], "texture": "#0"},
				"east": {"uv": [6.5, 11, 8.5, 11.5], "texture": "#0"},
				"south": {"uv": [3, 10.5, 3.5, 11], "texture": "#0"},
				"west": {"uv": [11, 6.5, 13, 7], "texture": "#0"},
				"up": {"uv": [4.5, 13, 4, 11], "texture": "#0"},
				"down": {"uv": [5, 11, 4.5, 13], "texture": "#0"}
			}
		},
		{
			"from": [11, 18, 6],
			"to": [14, 20, 10],
			"rotation": {"angle": 0, "axis": "y", "origin": [12, 18, 6]},
			"faces": {
				"north": {"uv": [5, 10.5, 6.5, 11.5], "texture": "#0"},
				"east": {"uv": [9.5, 2, 11.5, 3], "texture": "#0"},
				"south": {"uv": [10.5, 5, 12, 6], "texture": "#0"},
				"west": {"uv": [9.5, 3, 11.5, 4], "texture": "#0"},
				"up": {"uv": [5, 11, 3.5, 9], "texture": "#0"},
				"down": {"uv": [10.5, 4, 9, 6], "texture": "#0"}
			}
		},
		{
			"from": [13, 17, 6],
			"to": [14, 18, 10],
			"rotation": {"angle": 0, "axis": "y", "origin": [12, 18, 6]},
			"faces": {
				"north": {"uv": [1.5, 11.5, 2, 12], "texture": "#0"},
				"east": {"uv": [11, 7, 13, 7.5], "texture": "#0"},
				"south": {"uv": [11.5, 1.5, 12, 2], "texture": "#0"},
				"west": {"uv": [11, 7.5, 13, 8], "texture": "#0"},
				"up": {"uv": [11.5, 10, 11, 8], "texture": "#0"},
				"down": {"uv": [9, 11, 8.5, 13], "texture": "#0"}
			}
		},
		{
			"from": [6, 15, 5],
			"to": [8, 17, 6],
			"rotation": {"angle": 0, "axis": "y", "origin": [6, 15, 5]},
			"faces": {
				"north": {"uv": [5, 9, 6, 10], "texture": "#0"},
				"east": {"uv": [3.5, 8, 4, 9], "texture": "#0"},
				"south": {"uv": [9, 11, 10, 12], "texture": "#0"},
				"west": {"uv": [1.5, 9, 2, 10], "texture": "#0"},
				"up": {"uv": [12.5, 1, 11.5, 0.5], "texture": "#0"},
				"down": {"uv": [12.5, 1, 11.5, 1.5], "texture": "#0"}
			}
		}
	],
	"groups": [
		{
			"name": "body",
			"origin": [7, 0, 4],
			"color": 0,
			"children": [0, 1, 2, 3, 4]
		},
		{
			"name": "right",
			"origin": [8, 8, 8],
			"color": 0,
			"children": [5, 6]
		},
		{
			"name": "left",
			"origin": [8, 8, 8],
			"color": 0,
			"children": [7, 8]
		},
		{
			"name": "core",
			"origin": [8, 8, 8],
			"color": 0,
			"children": [9]
		}
	]
}